Unit: $,,,,,
,,,,,
marz,return_period,damages_pluvial,damages_fluvial,damages_total,percentage_losses (%)
Aragatsotn,100,1836268.268,41878.50521,1878146.773,2.912954322
Ararat,100,1768938.633,1989138.742,3758077.375,9.388731948
Armavir,100,1944207.713,1609210.448,3553418.161,6.335879221
Gegharkunik,100,536312.4535,88.58491759,536401.0385,2.619618749
Kotayk,100,594863.6067,56232.12569,651095.7324,3.077580687
Lori,100,1395924.365,153989.1247,1549913.49,4.338724937
Shirak,100,1114533.351,254623.6983,1369157.049,3.557194912
Syunik,100,1525869.24,143308.5056,1669177.746,3.160058044
Tavush,100,1027887.165,200134.0269,1228021.192,3.184184298
Vayots Dzor,100,780685.1339,23677.64146,804362.7754,4.46473447
Yerevan,100,128795.9866,45585.71328,174381.6999,3.507056326
